{
  "no_tta": {
    "psnr": 29.984512511491776,
    "ssim": 0.9656053879261017
  },
  "tta": {
    "psnr": 29.996627297401428,
    "ssim": 0.966065198481083
  },
  "best_psnr": 29.996627297401428,
  "best_method": "\uc559\uc0c1\ube14+TTA"
}